INSERT INTO pelicula(
	cpelicula, nombre, duracion, clasificacion, imagen, link, director)
VALUES (
	'P1',	'Matrix',	136,	18,	'https://m.media-amazon.com/images/M/MV5BYWQxMzg0OGYtNGE3Yi00OGY4LWJjZDktZWZiODE2N2MyODgzXkEyXkFqcGdeQXVyMTYzMDM0NTU@._V1_QL75_UY281_CR13,0,190,281_.jpg','https://www.imdb.com/video/vi1032782617?playlistId=tt0133093&ref_=tt_pr_ov_vi','Wachowski Sisters') , (
	'P2',	'El señor de los anillos: La comunidad del anillo',	178,	12,	'https://m.media-amazon.com/images/M/MV5BMzgyNjdjOWMtMjAyYy00NzQ4LWIwYTQtZDk2ZDQzYWVlN2IwXkEyXkFqcGdeQXVyMTYzMDM0NTU@._V1_QL75_UY281_CR3,0,190,281_.jpg','https://www.imdb.com/video/vi684573465?playlistId=tt0120737&ref_=tt_pr_ov_vi','Peter Jackson' ) , (
	'P3',	'El señor de los anillos: Las dos torres',	179,	12,	'https://m.media-amazon.com/images/M/MV5BY2YyYjVlZDgtYTVkNy00MjdmLWFhNjctY2RlYWNhMzMyYTczXkEyXkFqcGdeQXVyODc0OTEyNDU@._V1_QL75_UY*_.jpg','https://www.imdb.com/video/vi701350681?playlistId=tt0167261&ref_=tt_ov_vi','Peter Jackson' ) , (
	'P4',	'El señor de los anillos: El retorno del rey',	201,	12,	'https://m.media-amazon.com/images/M/MV5BNGJjODMxZGMtOTFlNC00MjI4LThiZWUtZTU3ZGIxYzcxMTBiXkEyXkFqcGdeQXVyODc0OTEyNDU@._V1_QL75_UY*_.jpg','https://www.imdb.com/video/vi718127897?playlistId=tt0167260&ref_=tt_pr_ov_vi','Peter Jackson' ) , (
	'P5',	'Turning Red',	100,	10,	'https://m.media-amazon.com/images/M/MV5BNjY0MGEzZmQtZWMxNi00MWVhLWI4NWEtYjQ0MDkyYTJhMDU0XkEyXkFqcGdeQXVyODc0OTEyNDU@._V1_QL75_UX*_CR0,0,*_.jpg','https://www.imdb.com/video/vi3974546201?playlistId=tt8097030&ref_=tt_ov_vi','Domee Shi' ) , (
	'P6',	'Encanto',	102,	0,	'https://m.media-amazon.com/images/M/MV5BNjE5NzA4ZDctOTJkZi00NzM0LTkwOTYtMDI4MmNkMzIxODhkXkEyXkFqcGdeQXVyNjY1MTg4Mzc@._V1_QL75_UX*_CR0,0,*_.jpg','https://www.imdb.com/video/vi4093755417?playlistId=tt2953050&ref_=tt_ov_vi','Byron Howard' ) , (
	'P7',	'Game of Thrones',	57,	18,	'https://m.media-amazon.com/images/M/MV5BOGY1NDQ1MDMtYTY1ZS00MGQ1LTg5ZTgtMDljM2IxY2NhODJhXkEyXkFqcGdeQXVyMTYzMDM0NTU@._V1_QL75_UY*_.jpg','https://www.youtube.com/watch?v=TZE9gVF1QbA','David Benioff y D.B Weiss') , (
	'P8',	'Terminator: Génesis',	126,	12,	'https://m.media-amazon.com/images/M/MV5BMjM1NTc0NzE4OF5BMl5BanBnXkFtZTgwNDkyNjQ1NTE@._V1_QL75_UX*_CR0,*_.jpg','https://www.imdb.com/video/vi1249751321?playlistId=tt1340138&ref_=tt_ov_vi','Alan Taylor') , (
	'P9',	'Death on the Nile',	127,	13,	'https://resizing.flixster.com/ndFvbUyQAZgUf5dXVl1_n2DY3x4=/206x305/v2/https://resizing.flixster.com/T2N9zgvfcLehEt1EkYNrLRaNPXU=/ems.ZW1zLXByZC1hc3NldHMvbW92aWVzLzgzYTg5ODBlLWY5MzMtNGIyYi04MWU0LTMwZTgwYTUyYjIyMS5qcGc=','https://www.youtube.com/watch?v=dZRqB0JLizw','Kenneth Branagh' ),(
	'P10',	'The Big Bang Theory',	60,	18,	'https://m.media-amazon.com/images/M/MV5BMTg4Njk4MzY2Nl5BMl5BanBnXkFtZTgwNzY2NDA2NDE@._V1_QL75_UY*_.jpg','https://www.youtube.com/watch?v=y_Q0F3p2T4Y','Chuck Lorre' ) , (
	'P11',	'The Big Bang Theory: The Pilot',	61,	18,	'https://m.media-amazon.com/images/M/MV5BMTg4Njk4MzY2Nl5BMl5BanBnXkFtZTgwNzY2NDA2NDE@._V1_QL75_UY*_.jpg','https://www.youtube.com/watch?v=y_Q0F3p2T4Y','Chuck Lorre' ) , (
	'P12',  'The Matrix 2',	120,	12,	'https://m.media-amazon.com/images/M/MV5BNzQzOTk3OTAtNDQ0Zi00ZTVkLWI0MTEtMDllZjNkYzNjNTc4L2ltYWdlXkEyXkFqcGdeQXVyNjU0OTQ0OTY@._V1_QL75_UY*_.jpg','https://www.youtube.com/watch?v=vKQi3bBA1y8','Lana Wachowski' ) , (
	'P13',	'The Matrix 3',	121,	12,	'https://m.media-amazon.com/images/M/MV5BNzQzOTk3OTAtNDQ0Zi00ZTVkLWI0MTEtMDllZjNkYzNjNTc4L2ltYWdlXkEyXkFqcGdeQXVyNjU0OTQ0OTY@._V1_QL75_UY*_.jpg','https://www.youtube.com/watch?v=vKQi3bBA1y8','Lana Wachowski' ) , (
	'P14',	'Black Swan',	120,	12,	'https://m.media-amazon.com/images/M/MV5BMTkxMTA5OTAzMl5BMl5BanBnXkFtZTgwNzA5MDc0MDE@._V1_QL75_UY*_.jpg','https://www.youtube.com/watch?v=5-_hFZHUHkQ','Darren Aronofsky' ) , (
	'P15',	'The Twilight Saga: Breaking Dawn - Part 1',	121,	12,	'https://m.media-amazon.com/images/M/MV5BMTQwNTU3MTE4NF5BMl5BanBnXkFtZTcwNzIyMjg1Mg@@._V1_QL75_UY*_.jpg','https://www.youtube.com/watch?v=5-_hFZHUHkQ','Bill Condon' ) , (
	'P16',	'The Twilight Saga: Breaking Dawn - Part 2',	121,	12,	'https://m.media-amazon.com/images/M/MV5BMTQwNTU3MTE4NF5BMl5BanBnXkFtZTcwNzIyMjg1Mg@@._V1_QL75_UY*_.jpg','https://www.youtube.com/watch?v=5-_hFZHUHkQ','Bill Condon' ) , (
	'P17',	'The Twilight Saga: Eclipse',	121,	12,	'https://m.media-amazon.com/images/M/MV5BMTQwNTU3MTE4NF5BMl5BanBnXkFtZTcwNzIyMjg1Mg@@._V1_QL75_UY*_.jpg','https://www.youtube.com/watch?v=5-_hFZHUHkQ','Bill Condon' ) , (
	'P18',	'The Twilight Saga: New Moon',	121,	12,	'https://m.media-amazon.com/images/M/MV5BMTQwNTU3MTE4NF5BMl5BanBnXkFtZTcwNzIyMjg1Mg@@._V1_QL75_UY*_.jpg','https://www.youtube.com/watch?v=5-_hFZHUHkQ','Bill Condon' ) , (
	'P19','The Avengers',	121,	12,	'https://m.media-amazon.com/images/M/MV5BMTk2NTI1MTU4N15BMl5BanBnXkFtZTcwODg0OTY0Nw@@._V1_QL75_UY*_.jpg','https://www.youtube.com/watch?v=5-_hFZHUHkQ','Joss Whedon' ) , (
	'P20','The Avengers: Infinity War',	121,	12,	'https://m.media-amazon.com/images/M/MV5BMTk2NTI1MTU4N15BMl5BanBnXkFtZTcwODg0OTY0Nw@@._V1_QL75_UY*_.jpg','https://www.youtube.com/watch?v=5-_hFZHUHkQ','Joss Whedon' ) , (
	'P21','The Avengers: Age of Ultron',	121,	12,	'https://m.media-amazon.com/images/M/MV5BMTk2NTI1MTU4N15BMl5BanBnXkFtZTcwODg0OTY0Nw@@._V1_QL75_UY*_.jpg','https://www.youtube.com/watch?v=5-_hFZHUHkQ','Joss Whedon' ) , (
	'P22','The Avengers: Endgame',	121,	12,	'https://m.media-amazon.com/images/M/MV5BMTk2NTI1MTU4N15BMl5BanBnXkFtZTcwODg0OTY0Nw@@._V1_QL75_UY*_.jpg','https://www.youtube.com/watch?v=5-_hFZHUHkQ','Joss Whedon' ) , (
	'P23','Fast and Furious',	121,	12,	'https://m.media-amazon.com/images/M/MV5BMTk2NTI1MTU4N15BMl5BanBnXkFtZTcwODg0OTY0Nw@@._V1_QL75_UY*_.jpg','https://www.youtube.com/watch?v=5-_hFZHUHkQ','Justin Lin' ) , (
	'P24','Fast and Furious: Tokyo Drift',	121,	12,	'https://m.media-amazon.com/images/M/MV5BMTk2NTI1MTU4N15BMl5BanBnXkFtZTcwODg0OTY0Nw@@._V1_QL75_UY*_.jpg','https://www.youtube.com/watch?v=5-_hFZHUHkQ','Justin Lin' ) , (
	'P25','Fast and Furious: Hobbs & Shaw',	121,	12,	'https://m.media-amazon.com/images/M/MV5BMTk2NTI1MTU4N15BMl5BanBnXkFtZTcwODg0OTY0Nw@@._V1_QL75_UY*_.jpg','https://www.youtube.com/watch?v=5-_hFZHUHkQ','Justin Lin' ) , (
	'P26','Fast and Furious: Road to Redemption',	121,	12,	'https://m.media-amazon.com/images/M/MV5BMTk2NTI1MTU4N15BMl5BanBnXkFtZTcwODg0OTY0Nw@@._V1_QL75_UY*_.jpg','https://www.youtube.com/watch?v=5-_hFZHUHkQ','Justin Lin' ) , (
	'P27','Fast and Furious: Vengeance',	121,	12,	'https://m.media-amazon.com/images/M/MV5BMTk2NTI1MTU4N15BMl5BanBnXkFtZTcwODg0OTY0Nw@@._V1_QL75_UY*_.jpg','https://www.youtube.com/watch?v=5-_hFZHUHkQ','Justin Lin' ) , (
	'P28','Fast and Furious: The Fate of the Furious',	121,	12,	'https://m.media-amazon.com/images/M/MV5BMTk2NTI1MTU4N15BMl5BanBnXkFtZTcwODg0OTY0Nw@@._V1_QL75_UY*_.jpg','https://www.youtube.com/watch?v=5-_hFZHUHkQ','Justin Lin' ) , (
	'P29','Fast and Furious: The Fate of the Furious - Part 2',	121,	12,	'https://m.media-amazon.com/images/M/MV5BMTk2NTI1MTU4N15BMl5BanBnXkFtZTcwODg0OTY0Nw@@._V1_QL75_UY*_.jpg','https://www.youtube.com/watch?v=5-_hFZHUHkQ','Justin Lin' ) , (
	'P30','Fast and Furious: The Fate of the Furious - Part 3',	121,	12,	'https://m.media-amazon.com/images/M/MV5BMTk2NTI1MTU4N15BMl5BanBnXkFtZTcwODg0OTY0Nw@@._V1_QL75_UY*_.jpg','https://www.youtube.com/watch?v=5-_hFZHUHkQ','Justin Lin' ) , (
	'P31','Fast and Furious: The Fate of the Furious - Part 4',	121,	12,	'https://m.media-amazon.com/images/M/MV5BMTk2NTI1MTU4N15BMl5BanBnXkFtZTcwODg0OTY0Nw@@._V1_QL75_UY*_.jpg','https://www.youtube.com/watch?v=5-_hFZHUHkQ','Justin Lin' ) , (
	'P32','Parasite',	121,	12,	'https://m.media-amazon.com/images/M/MV5BMTk2NTI1MTU4N15BMl5BanBnXkFtZTcwODg0OTY0Nw@@._V1_QL75_UY*_.jpg','https://www.youtube.com/watch?v=5-_hFZHUHkQ','Hong-Ki' ) , (
	'P33','Parasite: The Final Chapter',	121,	12,	'https://m.media-amazon.com/images/M/MV5BMTk2NTI1MTU4N15BMl5BanBnXkFtZTcwODg0OTY0Nw@@._V1_QL75_UY*_.jpg','https://www.youtube.com/watch?v=5-_hFZHUHkQ','Hong-Ki' ) , (
	'P34','The Lion King',	121,	12,	'https://m.media-amazon.com/images/M/MV5BMTk2NTI1MTU4N15BMl5BanBnXkFtZTcwODg0OTY0Nw@@._V1_QL75_UY*_.jpg','https://www.youtube.com/watch?v=5-_hFZHUHkQ','Jon Favreau' ) , (
	'P35','The Lion King: Simba Pride',	121,	12,	'https://m.media-amazon.com/images/M/MV5BMTk2NTI1MTU4N15BMl5BanBnXkFtZTcwODg0OTY0Nw@@._V1_QL75_UY*_.jpg','https://www.youtube.com/watch?v=5-_hFZHUHkQ','Jon Favreau' ) , (
	'P36','Toy Story',	121,	12,	'https://m.media-amazon.com/images/M/MV5BMTk2NTI1MTU4N15BMl5BanBnXkFtZTcwODg0OTY0Nw@@._V1_QL75_UY*_.jpg','https://www.youtube.com/watch?v=5-_hFZHUHkQ','John Lasseter' ) , (
	'P37','Toy Story 2',	121,	12,	'https://m.media-amazon.com/images/M/MV5BMTk2NTI1MTU4N15BMl5BanBnXkFtZTcwODg0OTY0Nw@@._V1_QL75_UY*_.jpg','https://www.youtube.com/watch?v=5-_hFZHUHkQ','John Lasseter' ) , (
	'P38','Toy Story 3',	121,	12,	'https://m.media-amazon.com/images/M/MV5BMTk2NTI1MTU4N15BMl5BanBnXkFtZTcwODg0OTY0Nw@@._V1_QL75_UY*_.jpg','https://www.youtube.com/watch?v=5-_hFZHUHkQ','John Lasseter' ) , (
	'P39','Toy Story 4',	121,	12,	'https://m.media-amazon.com/images/M/MV5BMTk2NTI1MTU4N15BMl5BanBnXkFtZTcwODg0OTY0Nw@@._V1_QL75_UY*_.jpg','https://www.youtube.com/watch?v=5-_hFZHUHkQ','John Lasseter' ) , (
	'P40','Cars', 121, 8, 'https://m.media-amazon.com/images/M/MV5BMTk2NTI1MTU4N15BMl5BanBnXkFtZTcwODg0OTY0Nw@@._V1_QL75_UY*_.jpg','https://www.youtube.com/watch?v=5-_hFZHUHkQ','John Lasseter' ) , (
	'P41','Cars 2', 121, 8, 'https://m.media-amazon.com/images/M/MV5BMTk2NTI1MTU4N15BMl5BanBnXkFtZTcwODg0OTY0Nw@@._V1_QL75_UY*_.jpg','https://www.youtube.com/watch?v=5-_hFZHUHkQ','John Lasseter' ) , (
	'P42','Cars 3', 121, 8, 'https://m.media-amazon.com/images/M/MV5BMTk2NTI1MTU4N15BMl5BanBnXkFtZTcwODg0OTY0Nw@@._V1_QL75_UY*_.jpg','https://www.youtube.com/watch?v=5-_hFZHUHkQ','John Lasseter' ) , (
	'P43','Vikings', 60, 17, 'https://m.media-amazon.com/images/M/MV5BMTk2NTI1MTU4N15BMl5BanBnXkFtZTcwODg0OTY0Nw@@._V1_QL75_UY*_.jpg','https://www.youtube.com/watch?v=5-_hFZHUHkQ','John Lasseter' ) , (
	'P44','The Hobbit: An Unexpected Journey', 121, 8, 'https://m.media-amazon.com/images/M/MV5BMTk2NTI1MTU4N15BMl5BanBnXkFtZTcwODg0OTY0Nw@@._V1_QL75_UY*_.jpg','https://www.youtube.com/watch?v=5-_hFZHUHkQ','John Lasseter' ) , (
	'P45','The Hobbit: The Desolation of Smaug', 121, 8, 'https://m.media-amazon.com/images/M/MV5BMTk2NTI1MTU4N15BMl5BanBnXkFtZTcwODg0OTY0Nw@@._V1_QL75_UY*_.jpg','https://www.youtube.com/watch?v=5-_hFZHUHkQ','John Lasseter' ) , (
	'P46','The Hobbit: The Battle of the Five Armies', 121, 8, 'https://m.media-amazon.com/images/M/MV5BMTk2NTI1MTU4N15BMl5BanBnXkFtZTcwODg0OTY0Nw@@._V1_QL75_UY*_.jpg','https://www.youtube.com/watch?v=5-_hFZHUHkQ','John Lasseter' ) , (
	'P47','The Hobbit: The Return of the King', 121, 8, 'https://m.media-amazon.com/images/M/MV5BMTk2NTI1MTU4N15BMl5BanBnXkFtZTcwODg0OTY0Nw@@._V1_QL75_UY*_.jpg','https://www.youtube.com/watch?v=5-_hFZHUHkQ','John Lasseter' ) , (
	'P48','AntMan', 121, 12, 'https://m.media-amazon.com/images/M/MV5BMTk2NTI1MTU4N15BMl5BanBnXkFtZTcwODg0OTY0Nw@@._V1_QL75_UY*_.jpg','https://www.youtube.com/watch?v=5-_hFZHUHkQ','John Lasseter' ) , (
	'P49','AntMan 2', 121, 12, 'https://m.media-amazon.com/images/M/MV5BMTk2NTI1MTU4N15BMl5BanBnXkFtZTcwODg0OTY0Nw@@._V1_QL75_UY*_.jpg','https://www.youtube.com/watch?v=5-_hFZHUHkQ','John Lasseter' ) , (
	'P50','Pulp Fiction', 121, 18, 'https://m.media-amazon.com/images/M/MV5BMTk2NTI1MTU4N15BMl5BanBnXkFtZTcwODg0OTY0Nw@@._V1_QL75_UY*_.jpg','https://www.youtube.com/watch?v=5-_hFZHUHkQ','John Lasseter' )
;	

INSERT INTO actor(
	cpelicula, nombre)
VALUES (
	'P1','Keanu Reeves') , (
	'P1','Laurence Fishburne') , (
	'P2','Elijah Wood') , (
	'P2','Ian McKellen') , (
	'P2','Viggo Mortensen') , (
	'P3','Elijah Wood') , (
	'P3','Ian McKellen') , (
	'P3','Viggo Mortensen') , (
	'P4','Elijah Wood') , (
	'P4','Ian McKellen') , (
	'P4','Viggo Mortensen') , (
	'P4','Sean Bean') , (
	'P2','Sean Bean') , (
	'P5','Rosalie Chiang') , (
	'P5','Sandra Oh') , (
	'P6','Stephanie Beatriz') , (
	'P6','Maria Cecilia') , ( 
	'P7','Sean Bean') , (
	'P7','Emilia Clarke') , (
	'P7','Kit Harrington') , (
	'P8','Emilia Clarke') , (
	'P8','Arnold Schwarzenegger') , (
	'P8','Jason Clarke') , (
	'P9','Emilia Clarke')
;

INSERT INTO genero(
	cpelicula, genero)
VALUES (
	'P1','Ciencia Ficcion') , (
	'P1','Accion') , (
	'P2','Accion') , (
	'P2','Aventura') , (
	'P2','Drama') , (
	'P3','Accion') , (
	'P3','Aventura') , (
	'P3','Drama') , (
	'P4','Accion') , (
	'P4','Aventura') , (
	'P4','Drama') , (
	'P5','Animacion') , (
	'P5','Aventura') , (
	'P5','Comedia') , (
	'P6','Animacion') , (
	'P6','Comedia') , (
	'P6','Familiar') , (
	'P7','Accion') , (
	'P7','Aventura') , (
	'P7','Drama') , (
	'P8','Accion') , (
	'P8','Aventura') , (
	'P8','Ciencia Ficcion'), (
	'P9','Accion') , (
	'P9','Aventura') , (
	'P9','Ciencia Ficcion') , (
	'P10','Accion') , (
	'P10','Aventura') , (
	'P10','Ciencia Ficcion') , (
	'P11','Accion') , (
	'P11','Aventura') , (
	'P11','Ciencia Ficcion') , (
	'P12','Accion') , (
	'P12','Aventura') , (
	'P12','Ciencia Ficcion') , (
	'P13','Accion') , (
	'P13','Aventura') , (
	'P13','Ciencia Ficcion') , (
	'P14','Accion') , (
	'P14','Aventura') , (
	'P14','Ciencia Ficcion') , (
	'P15','Accion') , (
	'P15','Aventura') , (
	'P15','Ciencia Ficcion') , (
	'P16','Accion') , (
	'P16','Aventura') , (
	'P16','Ciencia Ficcion') , (
	'P17','Accion') , (
	'P17','Aventura') , (
	'P17','Ciencia Ficcion') , (
	'P18','Accion') , (
	'P18','Aventura') , (
	'P18','Ciencia Ficcion') , (
	'P19','Accion') , (
	'P19','Aventura') , (
	'P19','Ciencia Ficcion') , (
	'P20','Accion') , (
	'P20','Aventura') , (
	'P20','Ciencia Ficcion') , (
	'P21','Accion') , (
	'P21','Aventura') , (
	'P21','Ciencia Ficcion') , (
	'P22','Accion') , (
	'P22','Aventura') , (
	'P22','Ciencia Ficcion') , (
	'P23','Accion') , (
	'P23','Aventura') , (
	'P23','Ciencia Ficcion') , (
	'P24','Accion') , (
	'P24','Aventura') , (
	'P24','Ciencia Ficcion') , (
	'P25','Accion') , (
	'P25','Aventura') , (
	'P25','Ciencia Ficcion') , (
	'P26','Accion') , (
	'P26','Aventura') , (
	'P26','Ciencia Ficcion') , (
	'P27','Accion') , (
	'P27','Aventura') , (
	'P27','Ciencia Ficcion') , (
	'P28','Accion') , (
	'P28','Aventura') , (
	'P28','Ciencia Ficcion') , (
	'P29','Accion') , (
	'P29','Aventura') , (
	'P29','Ciencia Ficcion') , (
	'P30','Accion') , (
	'P30','Aventura') , (
	'P30','Ciencia Ficcion') , (
	'P31','Accion') , (
	'P31','Aventura') , (
	'P31','Ciencia Ficcion') , (
	'P32','Accion') , (
	'P32','Aventura') , (
	'P32','Ciencia Ficcion') , (
	'P33','Accion') , (
	'P33','Aventura') , (
	'P33','Ciencia Ficcion') , (
	'P34','Accion') , (
	'P34','Aventura') , (
	'P34','Ciencia Ficcion') , (
	'P35','Accion') , (
	'P35','Aventura') , (
	'P35','Ciencia Ficcion') , (
	'P36','Accion') , (
	'P36','Aventura') , (
	'P36','Ciencia Ficcion') , (
	'P37','Accion') , (
	'P37','Aventura') , (
	'P37','Ciencia Ficcion') , (
	'P38','Accion') , (
	'P38','Aventura') , (
	'P38','Ciencia Ficcion') , (
	'P39','Accion') , (
	'P39','Aventura') , (
	'P39','Ciencia Ficcion') , (
	'P40','Accion') , (
	'P40','Aventura') , (
	'P40','Ciencia Ficcion') , (
	'P41','Accion') , (
	'P41','Aventura') , (
	'P41','Ciencia Ficcion') , (
	'P42','Accion') , (
	'P42','Aventura') , (
	'P42','Ciencia Ficcion') , (
	'P43','Accion') , (
	'P43','Aventura') , (
	'P43','Ciencia Ficcion') , (
	'P44','Accion') , (
	'P44','Aventura') , (
	'P44','Ciencia Ficcion') , (
	'P45','Accion') , (
	'P45','Aventura') , (
	'P45','Ciencia Ficcion') , (
	'P46','Accion') , (
	'P46','Aventura') , (
	'P46','Ciencia Ficcion') , (
	'P47','Accion') , (
	'P47','Aventura') , (
	'P47','Ciencia Ficcion') , (
	'P48','Accion') , (
	'P48','Aventura') , (
	'P48','Ciencia Ficcion') , (
	'P49','Accion') , (
	'P49','Aventura') , (
	'P49','Ciencia Ficcion') , (
	'P50','Accion')
;

INSERT INTO usuario(
	cusuario, username, nombre, password, email, cuenta)
VALUES (
	'U1','egirl21','Jorge Escopetas','03ac674216f3e15c761ee1a5e255f067953623c8b388b4459e13f978d7c846f4','escopeteando@gmail.com','Avanzada') , (
	'U2','jpmz','Jose Monzon','a28a9ca63e8460b03dff84b5645c6c2a30f48149c0e5b273525cf4b80fe8a8ca','mon20309@uvg.edu.gt','Admin') , (
	'U3','cayomol','Cayetano Moina','bd3dae5fb91f88a4f0978222dfd58f59a124257cb081486387cbae9df11fb879','mol20211@uvg.edu.gt','Admin'),(
	'U4','buttabsent','Buttab Sent','b8d9f8c8f8f8f8f8f8f8f8f8f8f8f8f8f8f8f8f8f8f8f8f8f8f8f8f8f8f8f8f8f8f8f8f8f8f8f8','buttabsent@gmail.com','Avanzada'),(
    'U5','cookiecovey','Cookie Covey','c8d9f8c8f8f8f8f8f8f8f8f8f8f8f8f8f8f8f8f8f8f8f8f8f8f8f8f8f8f8f8f8f8f8f8f8f8f8f8','cookiecovey@gmail.com','Avanzada'),(
    'U6','moroseluxuriant','Morose Luxuriant','c8d9f8c8f8f8f8f8f8f8f8f8f8f8f8f8f8f8f8f8f8f8f8f8f8f8f8f8f8f8f8f8f8f8f8f8f8f8','moroseluxuriant@gmail.com','Avanzada'),(
    'U7','nauseatingcluster','Nauseating Cluster','c8d9f8c8f8f8f8f8f8f8f8f8f8f8f8f8f8f8f8f8f8f8f8f8f8f8f8f8f8f8f8f8f8f8f8f8f8f8','nauseatingcluster@gmail.com','Avanzada'),(
    'U8','volatilescare','Volatiles Care','c8d9f8c8f8f8f8f8f8f8f8f8f8f8f8f8f8f8f8f8f8f8f8f8f8f8f8f8f8f8f8f8f8f8f8f8f8','volatilescare@gmail.com','Avanzada'),(
    'U9','sensualdairy','Sensual Dairy','c8d9f8c8f8f8f8f8f8f8f8f8f8f8f8f8f8f8f8f8f8f8f8f8f8f8f8f8f8f8f8f8f8f8f8f8','sensualdairy@gmail.com','Avanzada'),(
    'U10','resortdecision','Resort Decision','c8d9f8c8f8f8f8f8f8f8f8f8f8f8f8f8f8f8f8f8f8f8f8f8f8f8f8f8f8f8f8f8f8f8f8','resortdecision@gmail.com','Avanzada'),(
    'U11','crummyfill','Crummy Fill','c8d9f8c8f8f8f8f8f8f8f8f8f8f8f8f8f8f8f8f8f8f8f8f8f8f8f8f8f8f8f8f8f8f8f8f8','crummyfill@gmail.com','Avanzada'),(
    'U12','footdoylt','Foot DoYLT','c8d9f8c8f8f8f8f8f8f8f8f8f8f8f8f8f8f8f8f8f8f8f8f8f8f8f8f8f8f8f8f8f8f8f8f8','footdoylt@gmail.com','Avanzada'),(
    'U13','guestbracelet','Guest Bracelet','c8d9f8c8f8f8f8f8f8f8f8f8f8f8f8f8f8f8f8f8f8f8f8f8f8f8f8f8f8f8f8f8f8f8f8','guestbracelet@gmail.com','Avanzada'),(
    'U14','sugarykayak','Sugary Kayak','c8d9f8c8f8f8f8f8f8f8f8f8f8f8f8f8f8f8f8f8f8f8f8f8f8f8f8f8f8f8f8f8f8f8f8','sugarykayak@gmail.com','Avanzada'),(
    'U15','flairheadnovel','Flairhead Novel','c8d9f8c8f8f8f8f8f8f8f8f8f8f8f8f8f8f8f8f8f8f8f8f8f8f8f8f8f8f8f8f8f8f8','flairheadnovel@gmail.com','Avanzada'),(
    'U16','determinedfanfare','Determined Fanfare','c8d9f8c8f8f8f8f8f8f8f8f8f8f8f8f8f8f8f8f8f8f8f8f8f8f8f8f8f8f8f8f8','determinedfanfare@gmail.com','Avanzada'),(
    'U17','proceduregypsy','Procedure Gypsy','c8d9f8c8f8f8f8f8f8f8f8f8f8f8f8f8f8f8f8f8f8f8f8f8f8f8f8f8f8f8f8f8','proceduregypsy@gmail.com','Avanzada'),(
    'U18','toothsomelandscape','Toothsome Landscape','c8d9f8c8f8f8f8f8f8f8f8f8f8f8f8f8f8f8f8f8f8f8f8f8f8f8f8f8f8f8f8f8','toothsomelandscape@gmail.com','Avanzada'),(
    'U19','rattysniff','Ratty Sniff','c8d9f8c8f8f8f8f8f8f8f8f8f8f8f8f8f8f8f8f8f8f8f8f8f8f8f8f8f8f8f8f8f8f8','rattysniff@gmail.com','Avanzada'),(
    'U20','hormonescredit','Hormones Credit','c8d9f8c8f8f8f8f8f8f8f8f8f8f8f8f8f8f8f8f8f8f8f8f8f8f8f8f8f8f8f8f8','hormonescredit@gmail.com','Avanzada'),(
    'U21','bragfling','Brag Fling','c8d9f8c8f8f8f8f8f8f8f8f8f8f8f8f8f8f8f8f8f8f8f8f8f8f8f8f8f8f8f8f8f8','bragfling@gmail.com','Avanzada'),(
    'U22','deliriouslife','Delirious Life','c8d9f8c8f8f8f8f8f8f8f8f8f8f8f8f8f8f8f8f8f8f8f8f8f8f8f8f8f8f8f8f8','deliriouslife@gmail.com','Avanzada'),(
    'U23','steadpie','Stead Pie','c8d9f8c8f8f8f8f8f8f8f8f8f8f8f8f8f8f8f8f8f8f8f8f8f8f8f8f8f8f8f8f8f8','steadpie@gmail.com','Avanzada'),(
    'U24','plumbersurvivor','Plumber Survivor','c8d9f8c8f8f8f8f8f8f8f8f8f8f8f8f8f8f8f8f8f8f8f8f8f8f8f8f8f8f8f8','plumbersurvivor@gmail.com','Avanzada'),(
    'U25','spoonbillgrease','Spoonbill Grease','c8d9f8c8f8f8f8f8f8f8f8f8f8f8f8f8f8f8f8f8f8f8f8f8f8f8f8f8f8f8f8','spoonbillgrease@gmail.com','Avanzada'),(
    'U26','cheerfulindeed','Cheerful In Deed','c8d9f8c8f8f8f8f8f8f8f8f8f8f8f8f8f8f8f8f8f8f8f8f8f8f8f8f8f8f8f8','cheerfull@gmail.com','Avanzada'),(
    'U27','almondstreaty','Almonds Treaty','c8d9f8c8f8f8f8f8f8f8f8f8f8f8f8f8f8f8f8f8f8f8f8f8f8f8f8f8f8f8f8','almondstreaty@gmail.com','Avanzada'),(
    'U28','discoverywant','Discovery Want','c8d9f8c8f8f8f8f8f8f8f8f8f8f8f8f8f8f8f8f8f8f8f8f8f8f8f8f8f8f8f8','discoverywant@gmail.com','Avanzada'),(
    'U29','faithfulpiercer','Faithful Piercer','c8d9f8c8f8f8f8f8f8f8f8f8f8f8f8f8f8f8f8f8f8f8f8f8f8f8f8f8f8f8','faithfulpiercer@gmail.com','Avanzada'),(
    'U30','roomcautious','Room Cautious','c8d9f8c8f8f8f8f8f8f8f8f8f8f8f8f8f8f8f8f8f8f8f8f8f8f8f8f8f8f8f8','roomcautious@gmail.com','Avanzada'),(
    'U31','cookiessensitive','Cookies Sensitive','c8d9f8c8f8f8f8f8f8f8f8f8f8f8f8f8f8f8f8f8f8f8f8f8f8f8f8f8f8f8','cookiessensitive@gmail.com','Avanzada'),(
    'U32','polecatsraspberry','Polecats Raspberry','c8d9f8c8f8f8f8f8f8f8f8f8f8f8f8f8f8f8f8f8f8f8f8f8f8f8f8f8f8f8','polecatsraspberry@gmail.com','Avanzada'),(
    'U33','blotchednoon','Blotched Noon','c8d9f8c8f8f8f8f8f8f8f8f8f8f8f8f8f8f8f8f8f8f8f8f8f8f8f8f8f8f8f8','blotchednoon@gmail.com','Avanzada'),(
    'U34','sledderbarberry','Sledder Barberry','c8d9f8c8f8f8f8f8f8f8f8f8f8f8f8f8f8f8f8f8f8f8f8f8f8f8f8f8f8f8','sledderbarberry@gmail.com','Avanzada'),(
    'U35','aerobicsinfuse','Aerobics Infuse','c8d9f8c8f8f8f8f8f8f8f8f8f8f8f8f8f8f8f8f8f8f8f8f8f8f8f8f8f8f8','aerobicsinfuse@gmail.com','Avanzada'),(
    'U36','pigletdoofus','Piglet Doofus','c8d9f8c8f8f8f8f8f8f8f8f8f8f8f8f8f8f8f8f8f8f8f8f8f8f8f8f8f8f8','pigletdoofus@gmail.com','Avanzada'),(
    'U37','disgustingchord','Disgusting Chord','c8d9f8c8f8f8f8f8f8f8f8f8f8f8f8f8f8f8f8f8f8f8f8f8f8f8f8f8f8','disgustingchord@gmail.com','Avanzada'),(
    'U38','flyskillful','Fly Skillful','c8d9f8c8f8f8f8f8f8f8f8f8f8f8f8f8f8f8f8f8f8f8f8f8f8f8f8f8f8f8f8','flyskillful@gmail.com','Avanzada'),(
    'U39','focusedoffer','Focused Offer','c8d9f8c8f8f8f8f8f8f8f8f8f8f8f8f8f8f8f8f8f8f8f8f8f8f8f8f8f8f8','focusedoffer@gmail.com','Avanzada'),(
    'U40','gloveprogress','Glove Progress','c8d9f8c8f8f8f8f8f8f8f8f8f8f8f8f8f8f8f8f8f8f8f8f8f8f8f8f8f8f8','gloveprogress@gmail.com','Avanzada'),(
    'U41','mottledblackstone','Mottled Blackstone','c8d9f8c8f8f8f8f8f8f8f8f8f8f8f8f8f8f8f8f8f8f8f8f8f8f8f8f8f8','mottledblackstone@gmail.com','Avanzada'),(
    'U42','ravenaddition','Raven Addition','c8d9f8c8f8f8f8f8f8f8f8f8f8f8f8f8f8f8f8f8f8f8f8f8f8f8f8f8f8f8','ravenaddition@gmail.com','Avanzada'),(
    'U43','aquaticdove','Aquatic Dove','c8d9f8c8f8f8f8f8f8f8f8f8f8f8f8f8f8f8f8f8f8f8f8f8f8f8f8f8f8f8','aquaticdove@gmail.com','Avanzada'),(
    'U44','drugdeep','Drug Deep','c8d9f8c8f8f8f8f8f8f8f8f8f8f8f8f8f8f8f8f8f8f8f8f8f8f8f8f8f8f8f8','drugdeep@gmail.com','Avanzada'),(
    'U45','pauseiguana','Pause Iguana','c8d9f8c8f8f8f8f8f8f8f8f8f8f8f8f8f8f8f8f8f8f8f8f8f8f8f8f8f8f8','pauseiguana@gmail.com','Avanzada'),(
    'U46','operatingstudent','Operating Student','c8d9f8c8f8f8f8f8f8f8f8f8f8f8f8f8f8f8f8f8f8f8f8f8f8f8f8f8f8f8','operatingstudent@gmail.com','Avanzada'),(
    'U47','sizecistus','Size Cistus','c8d9f8c8f8f8f8f8f8f8f8f8f8f8f8f8f8f8f8f8f8f8f8f8f8f8f8f8f8f8','sizecistus@gmail.com','Avanzada'),(
    'U48','teasesham','Tease Sham','c8d9f8c8f8f8f8f8f8f8f8f8f8f8f8f8f8f8f8f8f8f8f8f8f8f8f8f8f8f8','teasesham@gmail.com','Avanzada'),(
    'U49','tallconfidence','Tall Confidence','c8d9f8c8f8f8f8f8f8f8f8f8f8f8f8f8f8f8f8f8f8f8f8f8f8f8f8f8f8f8','tallconfidence@gmail.com','Avanzada'),(
    'U50','livemilitary','Live Military','c8d9f8c8f8f8f8f8f8f8f8f8f8f8f8f8f8f8f8f8f8f8f8f8f8f8f8f8f8f8','livemilitary@gmail.com','Avanzada')
;

INSERT INTO perfil(
	cperfil, cusuario, lognumber, profilename, edad)
VALUES (
	'Per1','U1',1,'Gerardo [23]',23) , (
	'Per2','U1',2,'Kenny [15]',15) , (
	'Per3','U1',3,'Mabel [10]',10) , (
	'Per4','U1',4,'Anita [6]',6) , (
	'Per5','U2',5,'Deadsoon[99]',99) , (
	'Per6','U3',6,'Piglet Doofus [18]',18) , (
	'Per7','U4',7,'Disgusting Chord [22]',22) , (
	'Per8','U5',8,'Fly Skillful [25]',25) , (
	'Per9','U6',9,'Focused Offer [30]',30) , (
	'Per10','U7',10,'Glove Progress [35]',35) , (
	'Per11','U8',11,'Mottled Blackstone [40]',40) , (
	'Per12','U9',12,'Raven Addition [45]',45) , (
	'Per13','U10',13,'Aquatic Dove [50]',50) , (
	'Per14','U11',14,'Drug Deep [55]',55) , (
	'Per15','U12',15,'Pause Iguana [60]',60) , (
	'Per16','U13',16,'Operating Student [65]',65) , (
	'Per17','U14',17,'Size Cistus [70]',70) , (
	'Per18','U15',18,'Tease Sham [75]',75) , (
	'Per19','U16',19,'Tall Confidence [80]',80) , (
	'Per20','U17',20,'Live Military [85]',85) , (
	'Per21','U18',21,'Toothsome [8]',8), (
	'Per22','U19',22,'Lazy [10]',10), (
	'Per23','U20',23,'Dangerous [12]',12), (
	'Per24','U21',24,'Silly [14]',14), (
	'Per25','U22',25,'Wise [16]',16), (
	'Per26','U23',26,'Funny [18]',18), (
	'Per27','U24',27,'Boring [20]',20), (
	'Per28','U25',28,'Gorgeous [22]',22), (
	'Per29','U26',29,'Fierce [24]',24), (
	'Per30','U27',30,'Dumb [26]',26), (
	'Per31','U28',31,'Cute [28]',28), (
	'Per32','U29',32,'Famous [30]',30), (
	'Per33','U30',33,'Foolish [32]',32), (
	'Per34','U31',34,'Furious [34]',34), (
	'Per35','U32',35,'Funny [36]',36), (
	'Per36','U33',36,'Fierce [38]',38), (
	'Per37','U34',37,'Funny [40]',40), (
	'Per38','U35',38,'Fierce [42]',42), (
	'Per39','U36',39,'Funny [44]',44), (
	'Per40','U37',40,'Fierce [46]',46), (
	'Per41','U38',41,'Funny [48]',48), (
	'Per42','U39',42,'Fierce [50]',50), (
	'Per43','U40',43,'Funny [52]',52), (
	'Per44','U41',44,'Fierce [54]',54), (
	'Per45','U42',45,'Funny [56]',56), (
	'Per46','U43',46,'Fierce [58]' ,58), (
	'Per47','U44',47,'Funny [60]',60), (
	'Per48','U45',48,'Fierce [62]',62), (
	'Per49','U46',49,'Funny [64]',64), (
	'Per50','U47',50,'Fierce [66]',66)
;

INSERT INTO anuncios(
	canuncio, anuncio, anunciante)
VALUES (
	'A1','https://youtu.be/efD3nmwF-IM','Malec') , (
	'A2','https://youtu.be/DAC0t92N8Bc','Galletas Gama') , (
	'A3','https://youtu.be/WHwQeetjLwk','Tesla')
;

INSERT INTO adbreak(
	cpelicula, canuncio)
VALUES (
	'P7','A1') , (
	'P2','A2') , (
	'P3','A2') , (
	'P4','A2') , (
	'P5','A2') , (
	'P6','A2') , (
	'P8','A2') , (
	'P9','A2') , (
	'P6','A3') 
;

INSERT INTO favoritos(
	cperfil, cpelicula)
VALUES (
	'Per1','P7')
;

INSERT INTO	LOGINLOG
(
	CODIGO, UIngreso, PIngreso, FECHA
)
VALUES (1,'Test','Test','2022-04-18');

INSERT INTO d_date
SELECT TO_CHAR(datum, 'yyyymmdd')::INT AS date_dim_id,
       datum AS date_actual,
       EXTRACT(EPOCH FROM datum) AS epoch,
       TO_CHAR(datum, 'fmDDth') AS day_suffix,
       TO_CHAR(datum, 'TMDay') AS day_name,
       EXTRACT(ISODOW FROM datum) AS day_of_week,
       EXTRACT(DAY FROM datum) AS day_of_month,
       datum - DATE_TRUNC('quarter', datum)::DATE + 1 AS day_of_quarter,
       EXTRACT(DOY FROM datum) AS day_of_year,
       TO_CHAR(datum, 'W')::INT AS week_of_month,
       EXTRACT(WEEK FROM datum) AS week_of_year,
       EXTRACT(ISOYEAR FROM datum) || TO_CHAR(datum, '"-W"IW-') || EXTRACT(ISODOW FROM datum) AS week_of_year_iso,
       EXTRACT(MONTH FROM datum) AS month_actual,
       TO_CHAR(datum, 'TMMonth') AS month_name,
       TO_CHAR(datum, 'Mon') AS month_name_abbreviated,
       EXTRACT(QUARTER FROM datum) AS quarter_actual,
       CASE
           WHEN EXTRACT(QUARTER FROM datum) = 1 THEN 'First'
           WHEN EXTRACT(QUARTER FROM datum) = 2 THEN 'Second'
           WHEN EXTRACT(QUARTER FROM datum) = 3 THEN 'Third'
           WHEN EXTRACT(QUARTER FROM datum) = 4 THEN 'Fourth'
           END AS quarter_name,
       EXTRACT(YEAR FROM datum) AS year_actual,
       datum + (1 - EXTRACT(ISODOW FROM datum))::INT AS first_day_of_week,
       datum + (7 - EXTRACT(ISODOW FROM datum))::INT AS last_day_of_week,
       datum + (1 - EXTRACT(DAY FROM datum))::INT AS first_day_of_month,
       (DATE_TRUNC('MONTH', datum) + INTERVAL '1 MONTH - 1 day')::DATE AS last_day_of_month,
       DATE_TRUNC('quarter', datum)::DATE AS first_day_of_quarter,
       (DATE_TRUNC('quarter', datum) + INTERVAL '3 MONTH - 1 day')::DATE AS last_day_of_quarter,
       TO_DATE(EXTRACT(YEAR FROM datum) || '-01-01', 'YYYY-MM-DD') AS first_day_of_year,
       TO_DATE(EXTRACT(YEAR FROM datum) || '-12-31', 'YYYY-MM-DD') AS last_day_of_year,
       TO_CHAR(datum, 'mmyyyy') AS mmyyyy,
       TO_CHAR(datum, 'mmddyyyy') AS mmddyyyy,
       CASE
           WHEN EXTRACT(ISODOW FROM datum) IN (6, 7) THEN TRUE
           ELSE FALSE
           END AS weekend_indr
FROM (SELECT '1970-01-01'::DATE + SEQUENCE.DAY AS datum
      FROM GENERATE_SERIES(0, 29219) AS SEQUENCE (DAY)
      GROUP BY SEQUENCE.DAY) DQ
ORDER BY 1;

COMMIT;